Position,Name + ID,Name,ID,Roster Position,Salary,Game Info,TeamAbbrev,AvgPointsPerGame
RB,Dalvin Cook (15904873),Dalvin Cook,15904873,RB/FLEX,9400,MIN@TB 12/13/2020 01:00PM ET,MIN,26.94
WR,Davante Adams (15905135),Davante Adams,15905135,WR/FLEX,9300,GB@DET 12/13/2020 04:25PM ET,GB,27.89
RB,Christian McCaffrey (15904875),Christian McCaffrey,15904875,RB/FLEX,9200,DEN@CAR 12/13/2020 01:00PM ET,CAR,30.13
RB,Derrick Henry (15904877),Derrick Henry,15904877,RB/FLEX,8700,TEN@JAX 12/13/2020 01:00PM ET,TEN,20.74
WR,Tyreek Hill (15905137),Tyreek Hill,15905137,WR/FLEX,8500,KC@MIA 12/13/2020 01:00PM ET,KC,23.66
WR,DK Metcalf (15905139),DK Metcalf,15905139,WR/FLEX,8400,NYJ@SEA 12/13/2020 04:05PM ET,SEA,20.24
QB,Patrick Mahomes (15904800),Patrick Mahomes,15904800,QB,8100,KC@MIA 12/13/2020 01:00PM ET,KC,28.14
QB,Russell Wilson (15904801),Russell Wilson,15904801,QB,7900,NYJ@SEA 12/13/2020 04:05PM ET,SEA,26.46
WR,Keenan Allen (15905141),Keenan Allen,15905141,WR/FLEX,7700,ATL@LAC 12/13/2020 04:25PM ET,LAC,19.69
RB,Aaron Jones (15904879),Aaron Jones,15904879,RB/FLEX,7600,GB@DET 12/13/2020 04:25PM ET,GB,19.93
QB,Deshaun Watson (15904802),Deshaun Watson,15904802,QB,7600,HOU@CHI 12/13/2020 01:00PM ET,HOU,25.40
WR,DeAndre Hopkins (15905143),DeAndre Hopkins,15905143,WR/FLEX,7600,ARI@NYG 12/13/2020 01:00PM ET,ARI,19.24
QB,Aaron Rodgers (15904803),Aaron Rodgers,15904803,QB,7500,GB@DET 12/13/2020 04:25PM ET,GB,25.32
RB,James Robinson (15904881),James Robinson,15904881,RB/FLEX,7500,TEN@JAX 12/13/2020 01:00PM ET,JAX,19.73
WR,Calvin Ridley (15905145),Calvin Ridley,15905145,WR/FLEX,7500,ATL@LAC 12/13/2020 04:25PM ET,ATL,19.08
WR,Justin Jefferson (15905147),Justin Jefferson,15905147,WR/FLEX,7400,MIN@TB 12/13/2020 01:00PM ET,MIN,18.68
TE,Travis Kelce (15905501),Travis Kelce,15905501,TE/FLEX,7400,KC@MIA 12/13/2020 01:00PM ET,KC,21.30
WR,A.J. Brown (15905149),A.J. Brown,15905149,WR/FLEX,7300,TEN@JAX 12/13/2020 01:00PM ET,TEN,17.55
QB,Kyler Murray (15904804),Kyler Murray,15904804,QB,7200,ARI@NYG 12/13/2020 01:00PM ET,ARI,27.50
WR,Tyler Lockett (15905151),Tyler Lockett,15905151,WR/FLEX,7200,NYJ@SEA 12/13/2020 04:05PM ET,SEA,17.78
RB,Alvin Kamara (15904883),Alvin Kamara,15904883,RB/FLEX,7100,NO@PHI 12/13/2020 04:25PM ET,NO,23.65
WR,Michael Thomas (15905153),Michael Thomas,15905153,WR/FLEX,7100,NO@PHI 12/13/2020 04:25PM ET,NO,12.25
WR,Adam Thielen (15905155),Adam Thielen,15905155,WR/FLEX,7000,MIN@TB 12/13/2020 01:00PM ET,MIN,19.42
RB,Austin Ekeler (15904885),Austin Ekeler,15904885,RB/FLEX,7000,ATL@LAC 12/13/2020 04:25PM ET,LAC,16.15
QB,Tom Brady (15904805),Tom Brady,15904805,QB,6900,MIN@TB 12/13/2020 01:00PM ET,TB,21.89
RB,Chris Carson (15904887),Chris Carson,15904887,RB/FLEX,6900,NYJ@SEA 12/13/2020 04:05PM ET,SEA,17.36
WR,Allen Robinson II (15905157),Allen Robinson II,15905157,WR/FLEX,6800,HOU@CHI 12/13/2020 01:00PM ET,CHI,16.94
TE,Darren Waller (15905503),Darren Waller,15905503,TE/FLEX,6800,IND@LV 12/13/2020 04:05PM ET,LV,16.52
QB,Justin Herbert (15904806),Justin Herbert,15904806,QB,6800,ATL@LAC 12/13/2020 04:25PM ET,LAC,24.32
QB,Ryan Tannehill (15904807),Ryan Tannehill,15904807,QB,6700,TEN@JAX 12/13/2020 01:00PM ET,TEN,21.76
RB,Antonio Gibson (15904889),Antonio Gibson,15904889,RB/FLEX,6700,WAS@SF 12/13/2020 04:25PM ET,WAS,15.93
WR,Terry McLaurin (15905159),Terry McLaurin,15905159,WR/FLEX,6700,WAS@SF 12/13/2020 04:25PM ET,WAS,16.48
WR,Mike Evans (15905161),Mike Evans,15905161,WR/FLEX,6600,MIN@TB 12/13/2020 01:00PM ET,TB,15.11
RB,Ezekiel Elliott (15904891),Ezekiel Elliott,15904891,RB/FLEX,6600,DAL@CIN 12/13/2020 01:00PM ET,DAL,16.12
QB,Taysom Hill (15904808),Taysom Hill,15904808,QB,6600,NO@PHI 12/13/2020 04:25PM ET,NO,9.48
WR,Julio Jones (15905163),Julio Jones,15905163,WR/FLEX,6600,ATL@LAC 12/13/2020 04:25PM ET,ATL,17.23
RB,D'Andre Swift (15904895),D'Andre Swift,15904895,RB/FLEX,6500,GB@DET 12/13/2020 04:25PM ET,DET,14.51
RB,David Montgomery (15904893),David Montgomery,15904893,RB/FLEX,6500,HOU@CHI 12/13/2020 01:00PM ET,CHI,15.16
WR,Amari Cooper (15905165),Amari Cooper,15905165,WR/FLEX,6500,DAL@CIN 12/13/2020 01:00PM ET,DAL,16.9
RB,Mike Davis (15904899),Mike Davis,15904899,RB/FLEX,6400,DEN@CAR 12/13/2020 01:00PM ET,CAR,13.69
RB,Alexander Mattison (15904897),Alexander Mattison,15904897,RB/FLEX,6400,MIN@TB 12/13/2020 01:00PM ET,MIN,5.26
WR,Deebo Samuel (15905167),Deebo Samuel,15905167,WR/FLEX,6400,WAS@SF 12/13/2020 04:25PM ET,SF,13.8
WR,Chris Godwin (15905169),Chris Godwin,15905169,WR/FLEX,6300,MIN@TB 12/13/2020 01:00PM ET,TB,15.4
RB,Josh Jacobs (15904901),Josh Jacobs,15904901,RB/FLEX,6300,IND@LV 12/13/2020 04:05PM ET,LV,16.43
WR,Robby Anderson (15905171),Robby Anderson,15905171,WR/FLEX,6200,DEN@CAR 12/13/2020 01:00PM ET,CAR,15.71
QB,Kirk Cousins (15904809),Kirk Cousins,15904809,QB,6200,MIN@TB 12/13/2020 01:00PM ET,MIN,19.98
RB,Raheem Mostert (15904903),Raheem Mostert,15904903,RB/FLEX,6200,WAS@SF 12/13/2020 04:25PM ET,SF,14.15
RB,Miles Sanders (15904905),Miles Sanders,15904905,RB/FLEX,6200,NO@PHI 12/13/2020 04:25PM ET,PHI,13.04
WR,Brandin Cooks (15905175),Brandin Cooks,15905175,WR/FLEX,6100,HOU@CHI 12/13/2020 01:00PM ET,HOU,13.03
RB,Ronald Jones II (15904907),Ronald Jones II,15904907,RB/FLEX,6100,MIN@TB 12/13/2020 01:00PM ET,TB,14.26
WR,DeVante Parker (15905173),DeVante Parker,15905173,WR/FLEX,6100,KC@MIA 12/13/2020 01:00PM ET,MIA,12.81
QB,Drew Brees (15904810),Drew Brees,15904810,QB,6100,NO@PHI 12/13/2020 04:25PM ET,NO,19.22
RB,Jamaal Williams (15904909),Jamaal Williams,15904909,RB/FLEX,6000,GB@DET 12/13/2020 04:25PM ET,GB,10.61
WR,Kenny Golladay (15905177),Kenny Golladay,15905177,WR/FLEX,6000,GB@DET 12/13/2020 04:25PM ET,DET,14.36
QB,Derek Carr (15904811),Derek Carr,15904811,QB,6000,IND@LV 12/13/2020 04:05PM ET,LV,18.66
RB,Clyde Edwards-Helaire (15904913),Clyde Edwards-Helaire,15904913,RB/FLEX,5900,KC@MIA 12/13/2020 01:00PM ET,KC,14.42
RB,Joe Mixon (15904911),Joe Mixon,15904911,RB/FLEX,5900,DAL@CIN 12/13/2020 01:00PM ET,CIN,17.27
QB,Philip Rivers (15904812),Philip Rivers,15904812,QB,5900,IND@LV 12/13/2020 04:05PM ET,IND,16.84
WR,Marvin Jones Jr. (15905179),Marvin Jones Jr.,15905179,WR/FLEX,5800,GB@DET 12/13/2020 04:25PM ET,DET,12.66
QB,Teddy Bridgewater (15904813),Teddy Bridgewater,15904813,QB,5800,DEN@CAR 12/13/2020 01:00PM ET,CAR,19.05
RB,Jonathan Taylor (15904915),Jonathan Taylor,15904915,RB/FLEX,5800,IND@LV 12/13/2020 04:05PM ET,IND,13.54
QB,Matthew Stafford (15904814),Matthew Stafford,15904814,QB,5700,GB@DET 12/13/2020 04:25PM ET,DET,18.88
WR,Corey Davis (15905181),Corey Davis,15905181,WR/FLEX,5700,TEN@JAX 12/13/2020 01:00PM ET,TEN,16.91
RB,Wayne Gallman Jr. (15904917),Wayne Gallman Jr.,15904917,RB/FLEX,5700,ARI@NYG 12/13/2020 01:00PM ET,NYG,11.26
QB,Matt Ryan (15904815),Matt Ryan,15904815,QB,5700,ATL@LAC 12/13/2020 04:25PM ET,ATL,18.64
QB,Gardner Minshew II (15904816),Gardner Minshew II,15904816,QB,5600,TEN@JAX 12/13/2020 01:00PM ET,JAX,21.2
QB,Mitchell Trubisky (15904817),Mitchell Trubisky,15904817,QB,5600,HOU@CHI 12/13/2020 01:00PM ET,CHI,14.74
WR,DJ Moore (15905183),DJ Moore,15905183,WR/FLEX,5600,DEN@CAR 12/13/2020 01:00PM ET,CAR,14.54
RB,Myles Gaskin (15904919),Myles Gaskin,15904919,RB/FLEX,5600,KC@MIA 12/13/2020 01:00PM ET,MIA,14.32
WR,Antonio Brown (15905185),Antonio Brown,15905185,WR/FLEX,5500,MIN@TB 12/13/2020 01:00PM ET,TB,9.15
QB,Daniel Jones (15904819),Daniel Jones,15904819,QB,5500,ARI@NYG 12/13/2020 01:00PM ET,NYG,14.61
RB,Kenyan Drake (15904921),Kenyan Drake,15904921,RB/FLEX,5500,ARI@NYG 12/13/2020 01:00PM ET,ARI,14.19
QB,Andy Dalton (15904818),Andy Dalton,15904818,QB,5500,DAL@CIN 12/13/2020 01:00PM ET,DAL,8.95
QB,Tua Tagovailoa (15904820),Tua Tagovailoa,15904820,QB,5400,KC@MIA 12/13/2020 01:00PM ET,MIA,11.10
WR,Jamison Crowder (15905189),Jamison Crowder,15905189,WR/FLEX,5400,NYJ@SEA 12/13/2020 04:05PM ET,NYJ,16.16
WR,Brandon Aiyuk (15905187),Brandon Aiyuk,15905187,WR/FLEX,5400,WAS@SF 12/13/2020 04:25PM ET,SF,15.47
TE,George Kittle (15905505),George Kittle,15905505,TE/FLEX,5400,WAS@SF 12/13/2020 04:25PM ET,SF,17.35
RB,Latavius Murray (15904923),Latavius Murray,15904923,RB/FLEX,5400,NO@PHI 12/13/2020 04:25PM ET,NO,9.5
WR,DJ Chark Jr. (15905191),DJ Chark Jr.,15905191,WR/FLEX,5300,TEN@JAX 12/13/2020 01:00PM ET,JAX,12.75
QB,Nick Foles (15904821),Nick Foles,15904821,QB,5300,HOU@CHI 12/13/2020 01:00PM ET,CHI,14.42
RB,Tony Pollard (15904927),Tony Pollard,15904927,RB/FLEX,5300,DAL@CIN 12/13/2020 01:00PM ET,DAL,5.78
RB,Devontae Booker (15904925),Devontae Booker,15904925,RB/FLEX,5300,IND@LV 12/13/2020 04:05PM ET,LV,6.74
RB,David Johnson (15904929),David Johnson,15904929,RB/FLEX,5200,HOU@CHI 12/13/2020 01:00PM ET,HOU,11.81
RB,Melvin Gordon III (15904933),Melvin Gordon III,15904933,RB/FLEX,5200,DEN@CAR 12/13/2020 01:00PM ET,DEN,13.03
WR,Curtis Samuel (15905193),Curtis Samuel,15905193,WR/FLEX,5200,DEN@CAR 12/13/2020 01:00PM ET,CAR,13.67
WR,Sterling Shepard (15905195),Sterling Shepard,15905195,WR/FLEX,5200,ARI@NYG 12/13/2020 01:00PM ET,NYG,11.36
QB,Ryan Fitzpatrick (15904822),Ryan Fitzpatrick,15904822,QB,5200,KC@MIA 12/13/2020 01:00PM ET,MIA,19.93
RB,Nyheim Hines (15904931),Nyheim Hines,15904931,RB/FLEX,5200,IND@LV 12/13/2020 04:05PM ET,IND,12.6
QB,Alex Smith (15904825),Alex Smith,15904825,QB,5200,WAS@SF 12/13/2020 04:25PM ET,WAS,11.97
QB,Jameis Winston (15904824),Jameis Winston,15904824,QB,5200,NO@PHI 12/13/2020 04:25PM ET,NO,1.25
QB,Tyrod Taylor (15904823),Tyrod Taylor,15904823,QB,5200,ATL@LAC 12/13/2020 04:25PM ET,LAC,4.51
QB,Mike Glennon (15904831),Mike Glennon,15904831,QB,5100,TEN@JAX 12/13/2020 01:00PM ET,JAX,16.55
QB,P.J. Walker (15904829),P.J. Walker,15904829,QB,5100,DEN@CAR 12/13/2020 01:00PM ET,CAR,4.24
QB,Drew Lock (15904830),Drew Lock,15904830,QB,5100,DEN@CAR 12/13/2020 01:00PM ET,DEN,13.71
QB,Sam Darnold (15904826),Sam Darnold,15904826,QB,5100,NYJ@SEA 12/13/2020 04:05PM ET,NYJ,12.18
RB,Carlos Hyde (15904935),Carlos Hyde,15904935,RB/FLEX,5100,NYJ@SEA 12/13/2020 04:05PM ET,SEA,8.63
WR,T.Y. Hilton (15905197),T.Y. Hilton,15905197,WR/FLEX,5100,IND@LV 12/13/2020 04:05PM ET,IND,9.8
QB,Nick Mullens (15904828),Nick Mullens,15904828,QB,5100,WAS@SF 12/13/2020 04:25PM ET,SF,13.68
QB,Jalen Hurts (15904827),Jalen Hurts,15904827,QB,5100,NO@PHI 12/13/2020 04:25PM ET,PHI,1.85
QB,Carson Wentz (15904832),Carson Wentz,15904832,QB,5100,NO@PHI 12/13/2020 04:25PM ET,PHI,18.37
RB,Adrian Peterson (15904937),Adrian Peterson,15904937,RB/FLEX,5000,GB@DET 12/13/2020 04:25PM ET,DET,8.74
WR,Allen Lazard (15905201),Allen Lazard,15905201,WR/FLEX,5000,GB@DET 12/13/2020 04:25PM ET,GB,13.2
TE,T.J. Hockenson (15905507),T.J. Hockenson,15905507,TE/FLEX,5000,GB@DET 12/13/2020 04:25PM ET,DET,12.12
WR,Keke Coutee (15905203),Keke Coutee,15905203,WR/FLEX,5000,HOU@CHI 12/13/2020 01:00PM ET,HOU,10.48
QB,Colt McCoy (15904834),Colt McCoy,15904834,QB,5000,ARI@NYG 12/13/2020 01:00PM ET,NYG,5.67
RB,Giovani Bernard (15904939),Giovani Bernard,15904939,RB/FLEX,5000,DAL@CIN 12/13/2020 01:00PM ET,CIN,9.28
WR,Michael Pittman Jr. (15905199),Michael Pittman Jr.,15905199,WR/FLEX,5000,IND@LV 12/13/2020 04:05PM ET,IND,8.86
QB,Jimmy Garoppolo (15904833),Jimmy Garoppolo,15904833,QB,5000,WAS@SF 12/13/2020 04:25PM ET,SF,11.56
QB,Chris Streveler (15904837),Chris Streveler,15904837,QB,4900,ARI@NYG 12/13/2020 01:00PM ET,ARI,0.3
WR,Sammy Watkins (15905209),Sammy Watkins,15905209,WR/FLEX,4900,KC@MIA 12/13/2020 01:00PM ET,KC,9.97
QB,Brandon Allen (15904836),Brandon Allen,15904836,QB,4900,DAL@CIN 12/13/2020 01:00PM ET,CIN,8.78
WR,Tyler Boyd (15905207),Tyler Boyd,15905207,WR/FLEX,4900,DAL@CIN 12/13/2020 01:00PM ET,CIN,15.60
QB,Joe Flacco (15904835),Joe Flacco,15904835,QB,4900,NYJ@SEA 12/13/2020 04:05PM ET,NYJ,11.55
RB,J.D. McKissic (15904941),J.D. McKissic,15904941,RB/FLEX,4900,WAS@SF 12/13/2020 04:25PM ET,WAS,10.41
RB,Tevin Coleman (15904945),Tevin Coleman,15904945,RB/FLEX,4900,WAS@SF 12/13/2020 04:25PM ET,SF,2.58
RB,Boston Scott (15904943),Boston Scott,15904943,RB/FLEX,4900,NO@PHI 12/13/2020 04:25PM ET,PHI,6.63
WR,Travis Fulgham (15905205),Travis Fulgham,15905205,WR/FLEX,4900,NO@PHI 12/13/2020 04:25PM ET,PHI,11.86
RB,Duke Johnson (15904949),Duke Johnson,15904949,RB/FLEX,4800,HOU@CHI 12/13/2020 01:00PM ET,HOU,7.75
QB,Brett Rypien (15904838),Brett Rypien,15904838,QB,4800,DEN@CAR 12/13/2020 01:00PM ET,DEN,7.65
TE,Rob Gronkowski (15905509),Rob Gronkowski,15905509,TE/FLEX,4800,MIN@TB 12/13/2020 01:00PM ET,TB,9.54
RB,Salvon Ahmed (15904947),Salvon Ahmed,15904947,RB/FLEX,4800,KC@MIA 12/13/2020 01:00PM ET,MIA,10.73
QB,Ben DiNucci (15904840),Ben DiNucci,15904840,QB,4800,DAL@CIN 12/13/2020 01:00PM ET,DAL,4.48
WR,CeeDee Lamb (15905211),CeeDee Lamb,15905211,WR/FLEX,4800,DAL@CIN 12/13/2020 01:00PM ET,DAL,13.96
WR,Tee Higgins (15905213),Tee Higgins,15905213,WR/FLEX,4800,DAL@CIN 12/13/2020 01:00PM ET,CIN,14.88
QB,Dwayne Haskins Jr. (15904839),Dwayne Haskins Jr.,15904839,QB,4800,WAS@SF 12/13/2020 04:25PM ET,WAS,15.14
RB,Todd Gurley II (15904951),Todd Gurley II,15904951,RB/FLEX,4800,ATL@LAC 12/13/2020 04:25PM ET,ATL,13.2
QB,Chase Daniel (15904843),Chase Daniel,15904843,QB,4700,GB@DET 12/13/2020 04:25PM ET,DET,7.26
QB,Jake Luton (15904842),Jake Luton,15904842,QB,4700,TEN@JAX 12/13/2020 01:00PM ET,JAX,12.42
WR,Jerry Jeudy (15905219),Jerry Jeudy,15905219,WR/FLEX,4700,DEN@CAR 12/13/2020 01:00PM ET,DEN,9.37
WR,Christian Kirk (15905217),Christian Kirk,15905217,WR/FLEX,4700,ARI@NYG 12/13/2020 01:00PM ET,ARI,11.28
QB,Garrett Gilbert (15904844),Garrett Gilbert,15904844,QB,4700,DAL@CIN 12/13/2020 01:00PM ET,DAL,15.52
RB,Ty Johnson (15904953),Ty Johnson,15904953,RB/FLEX,4700,NYJ@SEA 12/13/2020 04:05PM ET,NYJ,4.64
WR,Nelson Agholor (15905215),Nelson Agholor,15905215,WR/FLEX,4700,IND@LV 12/13/2020 04:05PM ET,LV,10.46
QB,C.J. Beathard (15904841),C.J. Beathard,15904841,QB,4700,WAS@SF 12/13/2020 04:25PM ET,SF,4.09
WR,Mike Williams (15905221),Mike Williams,15905221,WR/FLEX,4700,ATL@LAC 12/13/2020 04:25PM ET,LAC,10.94
QB,Jeff Driskel (15904845),Jeff Driskel,15904845,QB,4600,DEN@CAR 12/13/2020 01:00PM ET,DEN,10.69
RB,Chase Edmonds (15904955),Chase Edmonds,15904955,RB/FLEX,4600,ARI@NYG 12/13/2020 01:00PM ET,ARI,11.32
RB,Devonta Freeman (15904957),Devonta Freeman,15904957,RB/FLEX,4600,ARI@NYG 12/13/2020 01:00PM ET,NYG,7.2
WR,Henry Ruggs III (15905223),Henry Ruggs III,15905223,WR/FLEX,4600,IND@LV 12/13/2020 04:05PM ET,LV,7.78
RB,Leonard Fournette (15904959),Leonard Fournette,15904959,RB/FLEX,4500,MIN@TB 12/13/2020 01:00PM ET,TB,10.36
TE,Mike Gesicki (15905511),Mike Gesicki,15905511,TE/FLEX,4500,KC@MIA 12/13/2020 01:00PM ET,MIA,9.98
QB,Geno Smith (15904846),Geno Smith,15904846,QB,4500,NYJ@SEA 12/13/2020 04:05PM ET,SEA,0
WR,Russell Gage (15905225),Russell Gage,15905225,WR/FLEX,4500,ATL@LAC 12/13/2020 04:25PM ET,ATL,9.67
QB,Tim Boyle (15904849),Tim Boyle,15904849,QB,4400,GB@DET 12/13/2020 04:25PM ET,GB,-0.09
QB,AJ McCarron (15904848),AJ McCarron,15904848,QB,4400,HOU@CHI 12/13/2020 01:00PM ET,HOU,0
QB,Will Grier (15904847),Will Grier,15904847,QB,4400,DEN@CAR 12/13/2020 01:00PM ET,CAR,0
RB,Le'Veon Bell (15904963),Le'Veon Bell,15904963,RB/FLEX,4400,KC@MIA 12/13/2020 01:00PM ET,KC,6.2
RB,Jerick McKinnon (15904965),Jerick McKinnon,15904965,RB/FLEX,4400,WAS@SF 12/13/2020 04:25PM ET,SF,10.38
RB,Peyton Barber (15904967),Peyton Barber,15904967,RB/FLEX,4400,WAS@SF 12/13/2020 04:25PM ET,WAS,4.07
WR,Jalen Reagor (15905227),Jalen Reagor,15905227,WR/FLEX,4400,NO@PHI 12/13/2020 04:25PM ET,PHI,8.76
RB,Ito Smith (15904961),Ito Smith,15904961,RB/FLEX,4400,ATL@LAC 12/13/2020 04:25PM ET,ATL,3.78
TE,Hunter Henry (15905513),Hunter Henry,15905513,TE/FLEX,4400,ATL@LAC 12/13/2020 04:25PM ET,LAC,9.81
RB,Phillip Lindsay (15904969),Phillip Lindsay,15904969,RB/FLEX,4300,DEN@CAR 12/13/2020 01:00PM ET,DEN,6.27
QB,Blaine Gabbert (15904852),Blaine Gabbert,15904852,QB,4300,MIN@TB 12/13/2020 01:00PM ET,TB,0.03
QB,Sean Mannion (15904853),Sean Mannion,15904853,QB,4300,MIN@TB 12/13/2020 01:00PM ET,MIN,0
TE,Evan Engram (15905515),Evan Engram,15905515,TE/FLEX,4300,ARI@NYG 12/13/2020 01:00PM ET,NYG,9.58
QB,Ryan Finley (15904851),Ryan Finley,15904851,QB,4300,DAL@CIN 12/13/2020 01:00PM ET,CIN,0.9
WR,Emmanuel Sanders (15905229),Emmanuel Sanders,15905229,WR/FLEX,4300,NO@PHI 12/13/2020 04:25PM ET,NO,10.76
QB,Matt Schaub (15904850),Matt Schaub,15904850,QB,4300,ATL@LAC 12/13/2020 04:25PM ET,ATL,-0.4
RB,Kerryon Johnson (15904973),Kerryon Johnson,15904973,RB/FLEX,4200,GB@DET 12/13/2020 04:25PM ET,DET,5.53
TE,Robert Tonyan (15905517),Robert Tonyan,15905517,TE/FLEX,4200,GB@DET 12/13/2020 04:25PM ET,GB,12.61
QB,Logan Woodside (15904854),Logan Woodside,15904854,QB,4200,TEN@JAX 12/13/2020 01:00PM ET,TEN,-0.11
WR,Tim Patrick (15905233),Tim Patrick,15905233,WR/FLEX,4200,DEN@CAR 12/13/2020 01:00PM ET,DEN,12.7
WR,Darius Slayton (15905231),Darius Slayton,15905231,WR/FLEX,4200,ARI@NYG 12/13/2020 01:00PM ET,NYG,10.14
RB,Brian Hill (15904971),Brian Hill,15904971,RB/FLEX,4200,ATL@LAC 12/13/2020 04:25PM ET,ATL,5.46
WR,Laviska Shenault Jr. (15905237),Laviska Shenault Jr.,15905237,WR/FLEX,4100,TEN@JAX 12/13/2020 01:00PM ET,JAX,9.62
TE,Noah Fant (15905519),Noah Fant,15905519,TE/FLEX,4100,DEN@CAR 12/13/2020 01:00PM ET,DEN,9.74
QB,Chad Henne (15904857),Chad Henne,15904857,QB,4100,KC@MIA 12/13/2020 01:00PM ET,KC,3.5
RB,Josh Adams (15904975),Josh Adams,15904975,RB/FLEX,4100,NYJ@SEA 12/13/2020 04:05PM ET,NYJ,4.42
WR,Denzel Mims (15905235),Denzel Mims,15905235,WR/FLEX,4100,NYJ@SEA 12/13/2020 04:05PM ET,NYJ,8.9
QB,Marcus Mariota (15904855),Marcus Mariota,15904855,QB,4100,IND@LV 12/13/2020 04:05PM ET,LV,0
QB,Jacoby Brissett (15904856),Jacoby Brissett,15904856,QB,4100,IND@LV 12/13/2020 04:05PM ET,IND,2.88
QB,Jordan Love (15904871),Jordan Love,15904871,QB,4000,GB@DET 12/13/2020 04:25PM ET,GB,0
QB,David Blough (15904872),David Blough,15904872,QB,4000,GB@DET 12/13/2020 04:25PM ET,DET,0
RB,Tyler Ervin (15905125),Tyler Ervin,15905125,RB/FLEX,4000,GB@DET 12/13/2020 04:25PM ET,GB,3.26
RB,AJ Dillon (15905127),AJ Dillon,15905127,RB/FLEX,4000,GB@DET 12/13/2020 04:25PM ET,GB,2.05
RB,Patrick Taylor (15905129),Patrick Taylor,15905129,RB/FLEX,4000,GB@DET 12/13/2020 04:25PM ET,GB,0
RB,Jonathan Williams (15905131),Jonathan Williams,15905131,RB/FLEX,4000,GB@DET 12/13/2020 04:25PM ET,DET,2.8
RB,Jason Cabinda (15905133),Jason Cabinda,15905133,RB/FLEX,4000,GB@DET 12/13/2020 04:25PM ET,DET,0.47
WR,Danny Amendola (15905239),Danny Amendola,15905239,WR/FLEX,4000,GB@DET 12/13/2020 04:25PM ET,DET,7.85
RB,Devine Ozigbo (15905105),Devine Ozigbo,15905105,RB/FLEX,4000,TEN@JAX 12/13/2020 01:00PM ET,JAX,1.17
RB,Dare Ogunbowale (15905107),Dare Ogunbowale,15905107,RB/FLEX,4000,TEN@JAX 12/13/2020 01:00PM ET,JAX,0.37
RB,Nathan Cottrell (15905109),Nathan Cottrell,15905109,RB/FLEX,4000,TEN@JAX 12/13/2020 01:00PM ET,JAX,0
RB,Ryquell Armstead (15905111),Ryquell Armstead,15905111,RB/FLEX,4000,TEN@JAX 12/13/2020 01:00PM ET,JAX,0
RB,Chris Thompson (15905113),Chris Thompson,15905113,RB/FLEX,4000,TEN@JAX 12/13/2020 01:00PM ET,JAX,7.1
RB,Jeremy McNichols (15905115),Jeremy McNichols,15905115,RB/FLEX,4000,TEN@JAX 12/13/2020 01:00PM ET,TEN,3.24
RB,D'Onta Foreman (15905117),D'Onta Foreman,15905117,RB/FLEX,4000,TEN@JAX 12/13/2020 01:00PM ET,TEN,3.4
RB,Senorise Perry (15905119),Senorise Perry,15905119,RB/FLEX,4000,TEN@JAX 12/13/2020 01:00PM ET,TEN,0.3
RB,Darrynton Evans (15905121),Darrynton Evans,15905121,RB/FLEX,4000,TEN@JAX 12/13/2020 01:00PM ET,TEN,1.05
RB,Khari Blasingame (15905123),Khari Blasingame,15905123,RB/FLEX,4000,TEN@JAX 12/13/2020 01:00PM ET,TEN,1.32
QB,Josh McCown (15904870),Josh McCown,15904870,QB,4000,HOU@CHI 12/13/2020 01:00PM ET,HOU,0
RB,Ryan Nall (15905093),Ryan Nall,15905093,RB/FLEX,4000,HOU@CHI 12/13/2020 01:00PM ET,CHI,2.59
RB,Artavis Pierce (15905095),Artavis Pierce,15905095,RB/FLEX,4000,HOU@CHI 12/13/2020 01:00PM ET,CHI,0.45
RB,Tarik Cohen (15905097),Tarik Cohen,15905097,RB/FLEX,4000,HOU@CHI 12/13/2020 01:00PM ET,CHI,5.83
RB,C.J. Prosise (15905099),C.J. Prosise,15905099,RB/FLEX,4000,HOU@CHI 12/13/2020 01:00PM ET,HOU,2.88
RB,Buddy Howell (15905101),Buddy Howell,15905101,RB/FLEX,4000,HOU@CHI 12/13/2020 01:00PM ET,HOU,0
RB,Scottie Phillips (15905103),Scottie Phillips,15905103,RB/FLEX,4000,HOU@CHI 12/13/2020 01:00PM ET,HOU,0
RB,Rodney Smith (15905081),Rodney Smith,15905081,RB/FLEX,4000,DEN@CAR 12/13/2020 01:00PM ET,CAR,2.4
RB,Trenton Cannon (15905083),Trenton Cannon,15905083,RB/FLEX,4000,DEN@CAR 12/13/2020 01:00PM ET,CAR,1.01
RB,Reggie Bonnafon (15905085),Reggie Bonnafon,15905085,RB/FLEX,4000,DEN@CAR 12/13/2020 01:00PM ET,CAR,8.35
RB,Alex Armah (15905087),Alex Armah,15905087,RB/FLEX,4000,DEN@CAR 12/13/2020 01:00PM ET,CAR,0.5
RB,Royce Freeman (15905089),Royce Freeman,15905089,RB/FLEX,4000,DEN@CAR 12/13/2020 01:00PM ET,DEN,3.65
RB,Jeremy Cox (15905091),Jeremy Cox,15905091,RB/FLEX,4000,DEN@CAR 12/13/2020 01:00PM ET,DEN,0
QB,Ryan Griffin (15904869),Ryan Griffin,15904869,QB,4000,MIN@TB 12/13/2020 01:00PM ET,TB,0
RB,LeSean McCoy (15905069),LeSean McCoy,15905069,RB/FLEX,4000,MIN@TB 12/13/2020 01:00PM ET,TB,3.2
RB,Ke'Shawn Vaughn (15905071),Ke'Shawn Vaughn,15905071,RB/FLEX,4000,MIN@TB 12/13/2020 01:00PM ET,TB,5.43
RB,T.J. Logan (15905073),T.J. Logan,15905073,RB/FLEX,4000,MIN@TB 12/13/2020 01:00PM ET,TB,0
RB,Mike Boone (15905075),Mike Boone,15905075,RB/FLEX,4000,MIN@TB 12/13/2020 01:00PM ET,MIN,0.42
RB,Ameer Abdullah (15905077),Ameer Abdullah,15905077,RB/FLEX,4000,MIN@TB 12/13/2020 01:00PM ET,MIN,2.13
RB,C.J. Ham (15905079),C.J. Ham,15905079,RB/FLEX,4000,MIN@TB 12/13/2020 01:00PM ET,MIN,1.39
QB,Brett Hundley (15904867),Brett Hundley,15904867,QB,4000,ARI@NYG 12/13/2020 01:00PM ET,ARI,0
QB,Clayton Thorson (15904868),Clayton Thorson,15904868,QB,4000,ARI@NYG 12/13/2020 01:00PM ET,NYG,0
RB,Jonathan Ward (15905055),Jonathan Ward,15905055,RB/FLEX,4000,ARI@NYG 12/13/2020 01:00PM ET,ARI,0
RB,Eno Benjamin (15905057),Eno Benjamin,15905057,RB/FLEX,4000,ARI@NYG 12/13/2020 01:00PM ET,ARI,0
RB,D.J. Foster (15905059),D.J. Foster,15905059,RB/FLEX,4000,ARI@NYG 12/13/2020 01:00PM ET,ARI,0.48
RB,Dion Lewis (15905061),Dion Lewis,15905061,RB/FLEX,4000,ARI@NYG 12/13/2020 01:00PM ET,NYG,3.9
RB,Alfred Morris (15905063),Alfred Morris,15905063,RB/FLEX,4000,ARI@NYG 12/13/2020 01:00PM ET,NYG,6.52
RB,Saquon Barkley (15905065),Saquon Barkley,15905065,RB/FLEX,4000,ARI@NYG 12/13/2020 01:00PM ET,NYG,7.7
RB,Elijhaa Penny (15905067),Elijhaa Penny,15905067,RB/FLEX,4000,ARI@NYG 12/13/2020 01:00PM ET,NYG,0.49
RB,Matt Breida (15904977),Matt Breida,15904977,RB/FLEX,4000,KC@MIA 12/13/2020 01:00PM ET,MIA,3.82
RB,DeAndre Washington (15905043),DeAndre Washington,15905043,RB/FLEX,4000,KC@MIA 12/13/2020 01:00PM ET,MIA,3.3
RB,Patrick Laird (15905045),Patrick Laird,15905045,RB/FLEX,4000,KC@MIA 12/13/2020 01:00PM ET,MIA,2.07
RB,Chandler Cox (15905047),Chandler Cox,15905047,RB/FLEX,4000,KC@MIA 12/13/2020 01:00PM ET,MIA,1.45
RB,Darrel Williams (15905049),Darrel Williams,15905049,RB/FLEX,4000,KC@MIA 12/13/2020 01:00PM ET,KC,4.15
RB,Darwin Thompson (15905051),Darwin Thompson,15905051,RB/FLEX,4000,KC@MIA 12/13/2020 01:00PM ET,KC,1.05
RB,Anthony Sherman (15905053),Anthony Sherman,15905053,RB/FLEX,4000,KC@MIA 12/13/2020 01:00PM ET,KC,1.54
QB,Dak Prescott (15904865),Dak Prescott,15904865,QB,4000,DAL@CIN 12/13/2020 01:00PM ET,DAL,30.33
QB,Joe Burrow (15904866),Joe Burrow,15904866,QB,4000,DAL@CIN 12/13/2020 01:00PM ET,CIN,19.77
RB,Rico Dowdle (15905037),Rico Dowdle,15905037,RB/FLEX,4000,DAL@CIN 12/13/2020 01:00PM ET,DAL,0.43
RB,Samaje Perine (15905039),Samaje Perine,15905039,RB/FLEX,4000,DAL@CIN 12/13/2020 01:00PM ET,CIN,2.61
RB,Trayveon Williams (15905041),Trayveon Williams,15905041,RB/FLEX,4000,DAL@CIN 12/13/2020 01:00PM ET,CIN,2.15
QB,James Morgan (15904864),James Morgan,15904864,QB,4000,NYJ@SEA 12/13/2020 04:05PM ET,NYJ,0
RB,DeeJay Dallas (15905025),DeeJay Dallas,15905025,RB/FLEX,4000,NYJ@SEA 12/13/2020 04:05PM ET,SEA,7.02
RB,Travis Homer (15905027),Travis Homer,15905027,RB/FLEX,4000,NYJ@SEA 12/13/2020 04:05PM ET,SEA,3.64
RB,Rashaad Penny (15905029),Rashaad Penny,15905029,RB/FLEX,4000,NYJ@SEA 12/13/2020 04:05PM ET,SEA,0
RB,Nick Bellore (15905031),Nick Bellore,15905031,RB/FLEX,4000,NYJ@SEA 12/13/2020 04:05PM ET,SEA,0.4
RB,Frank Gore (15905033),Frank Gore,15905033,RB/FLEX,4000,NYJ@SEA 12/13/2020 04:05PM ET,NYJ,6.52
RB,La'Mical Perine (15905035),La'Mical Perine,15905035,RB/FLEX,4000,NYJ@SEA 12/13/2020 04:05PM ET,NYJ,5.23
QB,Nathan Peterman (15904862),Nathan Peterman,15904862,QB,4000,IND@LV 12/13/2020 04:05PM ET,LV,1.9
QB,Jacob Eason (15904863),Jacob Eason,15904863,QB,4000,IND@LV 12/13/2020 04:05PM ET,IND,0
RB,Jalen Richard (15905015),Jalen Richard,15905015,RB/FLEX,4000,IND@LV 12/13/2020 04:05PM ET,LV,3.8
RB,Theo Riddick (15905017),Theo Riddick,15905017,RB/FLEX,4000,IND@LV 12/13/2020 04:05PM ET,LV,1.6
RB,Alec Ingold (15905019),Alec Ingold,15905019,RB/FLEX,4000,IND@LV 12/13/2020 04:05PM ET,LV,2.82
RB,Jordan Wilkins (15905021),Jordan Wilkins,15905021,RB/FLEX,4000,IND@LV 12/13/2020 04:05PM ET,IND,5.42
RB,Marlon Mack (15905023),Marlon Mack,15905023,RB/FLEX,4000,IND@LV 12/13/2020 04:05PM ET,IND,8.6
WR,Hunter Renfrow (15905241),Hunter Renfrow,15905241,WR/FLEX,4000,IND@LV 12/13/2020 04:05PM ET,LV,9.13
QB,Kyle Allen (15904858),Kyle Allen,15904858,QB,4000,WAS@SF 12/13/2020 04:25PM ET,WAS,11.75
RB,Bryce Love (15905005),Bryce Love,15905005,RB/FLEX,4000,WAS@SF 12/13/2020 04:25PM ET,WAS,0
RB,Jeff Wilson Jr. (15905007),Jeff Wilson Jr.,15905007,RB/FLEX,4000,WAS@SF 12/13/2020 04:25PM ET,SF,10.53
RB,Austin Walter (15905009),Austin Walter,15905009,RB/FLEX,4000,WAS@SF 12/13/2020 04:25PM ET,SF,2
RB,JaMycal Hasty (15905011),JaMycal Hasty,15905011,RB/FLEX,4000,WAS@SF 12/13/2020 04:25PM ET,SF,4.44
RB,Kyle Juszczyk (15905013),Kyle Juszczyk,15905013,RB/FLEX,4000,WAS@SF 12/13/2020 04:25PM ET,SF,4.27
QB,Nate Sudfeld (15904860),Nate Sudfeld,15904860,QB,4000,NO@PHI 12/13/2020 04:25PM ET,PHI,0
QB,Trevor Siemian (15904861),Trevor Siemian,15904861,QB,4000,NO@PHI 12/13/2020 04:25PM ET,NO,0
RB,Corey Clement (15904993),Corey Clement,15904993,RB/FLEX,4000,NO@PHI 12/13/2020 04:25PM ET,PHI,2.4
RB,Jason Huntley (15904995),Jason Huntley,15904995,RB/FLEX,4000,NO@PHI 12/13/2020 04:25PM ET,PHI,0.47
RB,Jordan Howard (15904997),Jordan Howard,15904997,RB/FLEX,4000,NO@PHI 12/13/2020 04:25PM ET,PHI,4.98
RB,Dwayne Washington (15904999),Dwayne Washington,15904999,RB/FLEX,4000,NO@PHI 12/13/2020 04:25PM ET,NO,0.3
RB,Ty Montgomery (15905001),Ty Montgomery,15905001,RB/FLEX,4000,NO@PHI 12/13/2020 04:25PM ET,NO,2.05
RB,Michael Burton (15905003),Michael Burton,15905003,RB/FLEX,4000,NO@PHI 12/13/2020 04:25PM ET,NO,1.08
TE,Dallas Goedert (15905521),Dallas Goedert,15905521,TE/FLEX,4000,NO@PHI 12/13/2020 04:25PM ET,PHI,12.05
QB,Easton Stick (15904859),Easton Stick,15904859,QB,4000,ATL@LAC 12/13/2020 04:25PM ET,LAC,-0.04
RB,Kalen Ballage (15904979),Kalen Ballage,15904979,RB/FLEX,4000,ATL@LAC 12/13/2020 04:25PM ET,LAC,9.94
RB,Joshua Kelley (15904981),Joshua Kelley,15904981,RB/FLEX,4000,ATL@LAC 12/13/2020 04:25PM ET,LAC,6.87
RB,Troymaine Pope (15904983),Troymaine Pope,15904983,RB/FLEX,4000,ATL@LAC 12/13/2020 04:25PM ET,LAC,4.95
RB,Justin Jackson (15904985),Justin Jackson,15904985,RB/FLEX,4000,ATL@LAC 12/13/2020 04:25PM ET,LAC,9.32
RB,Gabe Nabers (15904987),Gabe Nabers,15904987,RB/FLEX,4000,ATL@LAC 12/13/2020 04:25PM ET,LAC,2.3
RB,Qadree Ollison (15904989),Qadree Ollison,15904989,RB/FLEX,4000,ATL@LAC 12/13/2020 04:25PM ET,ATL,0.3
RB,Keith Smith (15904991),Keith Smith,15904991,RB/FLEX,4000,ATL@LAC 12/13/2020 04:25PM ET,ATL,0.63
WR,Marquez Valdes-Scantling (15905243),Marquez Valdes-Scantling,15905243,WR/FLEX,3900,GB@DET 12/13/2020 04:25PM ET,GB,9.43
TE,Jonnu Smith (15905523),Jonnu Smith,15905523,TE/FLEX,3900,TEN@JAX 12/13/2020 01:00PM ET,TEN,11.19
WR,Anthony Miller (15905247),Anthony Miller,15905247,WR/FLEX,3900,HOU@CHI 12/13/2020 01:00PM ET,CHI,8.12
WR,Chad Hansen (15905249),Chad Hansen,15905249,WR/FLEX,3900,HOU@CHI 12/13/2020 01:00PM ET,HOU,18.1
WR,Breshad Perriman (15905245),Breshad Perriman,15905245,WR/FLEX,3900,NYJ@SEA 12/13/2020 04:05PM ET,NYJ,10.18
WR,Preston Williams (15905251),Preston Williams,15905251,WR/FLEX,3800,KC@MIA 12/13/2020 01:00PM ET,MIA,9.72
WR,Demarcus Robinson (15905253),Demarcus Robinson,15905253,WR/FLEX,3800,KC@MIA 12/13/2020 01:00PM ET,KC,7.17
WR,Michael Gallup (15905255),Michael Gallup,15905255,WR/FLEX,3800,DAL@CIN 12/13/2020 01:00PM ET,DAL,9.07
TE,Jared Cook (15905525),Jared Cook,15905525,TE/FLEX,3800,NO@PHI 12/13/2020 04:25PM ET,NO,7.76
DST,Saints  (15905733),Saints ,15905733,DST,3800,NO@PHI 12/13/2020 04:25PM ET,NO,8.25
WR,Keelan Cole Sr. (15905259),Keelan Cole Sr.,15905259,WR/FLEX,3700,TEN@JAX 12/13/2020 01:00PM ET,JAX,10.3
WR,Kendrick Bourne (15905257),Kendrick Bourne,15905257,WR/FLEX,3700,WAS@SF 12/13/2020 04:25PM ET,SF,7.88
TE,Zach Ertz (15905529),Zach Ertz,15905529,TE/FLEX,3700,NO@PHI 12/13/2020 04:25PM ET,PHI,7.84
TE,Hayden Hurst (15905527),Hayden Hurst,15905527,TE/FLEX,3700,ATL@LAC 12/13/2020 04:25PM ET,ATL,8.9
WR,Collin Johnson (15905263),Collin Johnson,15905263,WR/FLEX,3600,TEN@JAX 12/13/2020 01:00PM ET,JAX,5.79
TE,Anthony Firkser (15905533),Anthony Firkser,15905533,TE/FLEX,3600,TEN@JAX 12/13/2020 01:00PM ET,TEN,6.94
WR,Cordarrelle Patterson (15905261),Cordarrelle Patterson,15905261,WR/FLEX,3600,HOU@CHI 12/13/2020 01:00PM ET,CHI,5.28
WR,Golden Tate (15905265),Golden Tate,15905265,WR/FLEX,3600,ARI@NYG 12/13/2020 01:00PM ET,NYG,7.83
TE,Dan Arnold (15905531),Dan Arnold,15905531,TE/FLEX,3600,ARI@NYG 12/13/2020 01:00PM ET,ARI,5.55
WR,Darnell Mooney (15905269),Darnell Mooney,15905269,WR/FLEX,3500,HOU@CHI 12/13/2020 01:00PM ET,CHI,8.04
WR,Larry Fitzgerald (15905267),Larry Fitzgerald,15905267,WR/FLEX,3500,ARI@NYG 12/13/2020 01:00PM ET,ARI,7.66
DST,Chiefs  (15905734),Chiefs ,15905734,DST,3500,KC@MIA 12/13/2020 01:00PM ET,KC,7.17
TE,Dalton Schultz (15905535),Dalton Schultz,15905535,TE/FLEX,3500,DAL@CIN 12/13/2020 01:00PM ET,DAL,9.47
WR,Dontrelle Inman (15905271),Dontrelle Inman,15905271,WR/FLEX,3500,WAS@SF 12/13/2020 04:25PM ET,WAS,6.61
TE,Jordan Reed (15905537),Jordan Reed,15905537,TE/FLEX,3500,WAS@SF 12/13/2020 04:25PM ET,SF,8.57
WR,Jakeem Grant (15905273),Jakeem Grant,15905273,WR/FLEX,3400,KC@MIA 12/13/2020 01:00PM ET,MIA,5.98
WR,David Moore (15905275),David Moore,15905275,WR/FLEX,3400,NYJ@SEA 12/13/2020 04:05PM ET,SEA,8.03
WR,Richie James (15905277),Richie James,15905277,WR/FLEX,3400,WAS@SF 12/13/2020 04:25PM ET,SF,7.48
DST,Packers  (15905735),Packers ,15905735,DST,3300,GB@DET 12/13/2020 04:25PM ET,GB,5.92
WR,Adam Humphries (15905281),Adam Humphries,15905281,WR/FLEX,3300,TEN@JAX 12/13/2020 01:00PM ET,TEN,8.26
WR,Cedrick Wilson (15905287),Cedrick Wilson,15905287,WR/FLEX,3300,DAL@CIN 12/13/2020 01:00PM ET,DAL,5.28
WR,Zach Pascal (15905279),Zach Pascal,15905279,WR/FLEX,3300,IND@LV 12/13/2020 04:05PM ET,IND,7.23
WR,Steven Sims Jr. (15905283),Steven Sims Jr.,15905283,WR/FLEX,3300,WAS@SF 12/13/2020 04:25PM ET,WAS,5.51
TE,Logan Thomas (15905539),Logan Thomas,15905539,TE/FLEX,3300,WAS@SF 12/13/2020 04:25PM ET,WAS,9.77
WR,Tre'Quan Smith (15905285),Tre'Quan Smith,15905285,WR/FLEX,3300,NO@PHI 12/13/2020 04:25PM ET,NO,8.24
WR,Quintez Cephus (15905289),Quintez Cephus,15905289,WR/FLEX,3200,GB@DET 12/13/2020 04:25PM ET,DET,5.46
WR,Olabisi Johnson (15905295),Olabisi Johnson,15905295,WR/FLEX,3200,MIN@TB 12/13/2020 01:00PM ET,MIN,4.08
WR,Mecole Hardman (15905293),Mecole Hardman,15905293,WR/FLEX,3200,KC@MIA 12/13/2020 01:00PM ET,KC,8.04
DST,Colts  (15905736),Colts ,15905736,DST,3200,IND@LV 12/13/2020 04:05PM ET,IND,9.5
WR,Jalen Guyton (15905291),Jalen Guyton,15905291,WR/FLEX,3200,ATL@LAC 12/13/2020 04:25PM ET,LAC,6.21
TE,Tyler Eifert (15905541),Tyler Eifert,15905541,TE/FLEX,3100,TEN@JAX 12/13/2020 01:00PM ET,JAX,5.9
DST,Titans  (15905737),Titans ,15905737,DST,3100,TEN@JAX 12/13/2020 01:00PM ET,TEN,4.25
TE,Irv Smith Jr. (15905545),Irv Smith Jr.,15905545,TE/FLEX,3100,MIN@TB 12/13/2020 01:00PM ET,MIN,5.24
TE,Jacob Hollister (15905543),Jacob Hollister,15905543,TE/FLEX,3100,NYJ@SEA 12/13/2020 04:05PM ET,SEA,4.19
TE,Trey Burton (15905547),Trey Burton,15905547,TE/FLEX,3100,IND@LV 12/13/2020 04:05PM ET,IND,8.52
WR,Cam Sims (15905299),Cam Sims,15905299,WR/FLEX,3100,WAS@SF 12/13/2020 04:25PM ET,WAS,6.07
WR,Greg Ward (15905297),Greg Ward,15905297,WR/FLEX,3100,NO@PHI 12/13/2020 04:25PM ET,PHI,8.72
WR,Equanimeous St. Brown (15905303),Equanimeous St. Brown,15905303,WR/FLEX,3000,GB@DET 12/13/2020 04:25PM ET,GB,2.76
WR,Malik Taylor (15905493),Malik Taylor,15905493,WR/FLEX,3000,GB@DET 12/13/2020 04:25PM ET,GB,2.31
WR,Tavon Austin (15905495),Tavon Austin,15905495,WR/FLEX,3000,GB@DET 12/13/2020 04:25PM ET,GB,0
WR,Mohamed Sanu (15905497),Mohamed Sanu,15905497,WR/FLEX,3000,GB@DET 12/13/2020 04:25PM ET,DET,5.68
WR,Jamal Agnew (15905499),Jamal Agnew,15905499,WR/FLEX,3000,GB@DET 12/13/2020 04:25PM ET,DET,1.97
WR,Chris Conley (15905483),Chris Conley,15905483,WR/FLEX,3000,TEN@JAX 12/13/2020 01:00PM ET,JAX,6.22
WR,Dede Westbrook (15905485),Dede Westbrook,15905485,WR/FLEX,3000,TEN@JAX 12/13/2020 01:00PM ET,JAX,0.2
WR,Cameron Batson (15905487),Cameron Batson,15905487,WR/FLEX,3000,TEN@JAX 12/13/2020 01:00PM ET,TEN,3.48
WR,Kalif Raymond (15905489),Kalif Raymond,15905489,WR/FLEX,3000,TEN@JAX 12/13/2020 01:00PM ET,TEN,2.53
WR,Nick Westbrook-Ikhine (15905491),Nick Westbrook-Ikhine,15905491,WR/FLEX,3000,TEN@JAX 12/13/2020 01:00PM ET,TEN,1.08
WR,Will Fuller V (15905301),Will Fuller V,15905301,WR/FLEX,3000,HOU@CHI 12/13/2020 01:00PM ET,HOU,18.54
WR,Javon Wims (15905469),Javon Wims,15905469,WR/FLEX,3000,HOU@CHI 12/13/2020 01:00PM ET,CHI,2.1
WR,DeAndre Carter (15905471),DeAndre Carter,15905471,WR/FLEX,3000,HOU@CHI 12/13/2020 01:00PM ET,CHI,0.07
WR,Riley Ridley (15905473),Riley Ridley,15905473,WR/FLEX,3000,HOU@CHI 12/13/2020 01:00PM ET,CHI,3.95
WR,Dwayne Harris (15905475),Dwayne Harris,15905475,WR/FLEX,3000,HOU@CHI 12/13/2020 01:00PM ET,CHI,-0.33
WR,Steven Mitchell Jr. (15905477),Steven Mitchell Jr.,15905477,WR/FLEX,3000,HOU@CHI 12/13/2020 01:00PM ET,HOU,0
WR,Isaiah Coulter (15905479),Isaiah Coulter,15905479,WR/FLEX,3000,HOU@CHI 12/13/2020 01:00PM ET,HOU,0
WR,Randall Cobb (15905481),Randall Cobb,15905481,WR/FLEX,3000,HOU@CHI 12/13/2020 01:00PM ET,HOU,10.01
TE,Jimmy Graham (15905553),Jimmy Graham,15905553,TE/FLEX,3000,HOU@CHI 12/13/2020 01:00PM ET,CHI,8.45
DST,Bears  (15905739),Bears ,15905739,DST,3000,HOU@CHI 12/13/2020 01:00PM ET,CHI,5.42
WR,Brandon Zylstra (15905451),Brandon Zylstra,15905451,WR/FLEX,3000,DEN@CAR 12/13/2020 01:00PM ET,CAR,2.6
WR,Pharoh Cooper (15905453),Pharoh Cooper,15905453,WR/FLEX,3000,DEN@CAR 12/13/2020 01:00PM ET,CAR,0.2
WR,Keith Kirkwood (15905455),Keith Kirkwood,15905455,WR/FLEX,3000,DEN@CAR 12/13/2020 01:00PM ET,CAR,2.3
WR,Omar Bayless (15905457),Omar Bayless,15905457,WR/FLEX,3000,DEN@CAR 12/13/2020 01:00PM ET,CAR,0
WR,KJ Hamler (15905459),KJ Hamler,15905459,WR/FLEX,3000,DEN@CAR 12/13/2020 01:00PM ET,DEN,6.58
WR,DaeSean Hamilton (15905461),DaeSean Hamilton,15905461,WR/FLEX,3000,DEN@CAR 12/13/2020 01:00PM ET,DEN,4.94
WR,Tyrie Cleveland (15905463),Tyrie Cleveland,15905463,WR/FLEX,3000,DEN@CAR 12/13/2020 01:00PM ET,DEN,0.63
WR,Diontae Spencer (15905465),Diontae Spencer,15905465,WR/FLEX,3000,DEN@CAR 12/13/2020 01:00PM ET,DEN,0.37
WR,Courtland Sutton (15905467),Courtland Sutton,15905467,WR/FLEX,3000,DEN@CAR 12/13/2020 01:00PM ET,DEN,9.6
WR,Chad Beebe (15905309),Chad Beebe,15905309,WR/FLEX,3000,MIN@TB 12/13/2020 01:00PM ET,MIN,3.84
WR,Scotty Miller (15905435),Scotty Miller,15905435,WR/FLEX,3000,MIN@TB 12/13/2020 01:00PM ET,TB,7.71
WR,Tyler Johnson (15905437),Tyler Johnson,15905437,WR/FLEX,3000,MIN@TB 12/13/2020 01:00PM ET,TB,4.22
WR,Justin Watson (15905439),Justin Watson,15905439,WR/FLEX,3000,MIN@TB 12/13/2020 01:00PM ET,TB,2.34
WR,Jaydon Mickens (15905441),Jaydon Mickens,15905441,WR/FLEX,3000,MIN@TB 12/13/2020 01:00PM ET,TB,1.42
WR,John Franklin III (15905443),John Franklin III,15905443,WR/FLEX,3000,MIN@TB 12/13/2020 01:00PM ET,TB,0
WR,Dan Chisena (15905445),Dan Chisena,15905445,WR/FLEX,3000,MIN@TB 12/13/2020 01:00PM ET,MIN,0
WR,Tajae Sharpe (15905447),Tajae Sharpe,15905447,WR/FLEX,3000,MIN@TB 12/13/2020 01:00PM ET,MIN,0
WR,K.J. Osborn (15905449),K.J. Osborn,15905449,WR/FLEX,3000,MIN@TB 12/13/2020 01:00PM ET,MIN,0
TE,Cameron Brate (15905551),Cameron Brate,15905551,TE/FLEX,3000,MIN@TB 12/13/2020 01:00PM ET,TB,5.01
WR,Andy Isabella (15905419),Andy Isabella,15905419,WR/FLEX,3000,ARI@NYG 12/13/2020 01:00PM ET,ARI,4.98
WR,KeeSean Johnson (15905421),KeeSean Johnson,15905421,WR/FLEX,3000,ARI@NYG 12/13/2020 01:00PM ET,ARI,3.58
WR,Trent Sherfield (15905423),Trent Sherfield,15905423,WR/FLEX,3000,ARI@NYG 12/13/2020 01:00PM ET,ARI,0.27
WR,Austin Mack (15905425),Austin Mack,15905425,WR/FLEX,3000,ARI@NYG 12/13/2020 01:00PM ET,NYG,4.73
WR,C.J. Board (15905427),C.J. Board,15905427,WR/FLEX,3000,ARI@NYG 12/13/2020 01:00PM ET,NYG,2.09
WR,Dante Pettis (15905429),Dante Pettis,15905429,WR/FLEX,3000,ARI@NYG 12/13/2020 01:00PM ET,NYG,-0.25
WR,David Sills (15905431),David Sills,15905431,WR/FLEX,3000,ARI@NYG 12/13/2020 01:00PM ET,NYG,0
WR,Cody Core (15905433),Cody Core,15905433,WR/FLEX,3000,ARI@NYG 12/13/2020 01:00PM ET,NYG,0
WR,Malcolm Perry (15905305),Malcolm Perry,15905305,WR/FLEX,3000,KC@MIA 12/13/2020 01:00PM ET,MIA,2.66
WR,Mack Hollins (15905409),Mack Hollins,15905409,WR/FLEX,3000,KC@MIA 12/13/2020 01:00PM ET,MIA,2.39
WR,Antonio Callaway (15905411),Antonio Callaway,15905411,WR/FLEX,3000,KC@MIA 12/13/2020 01:00PM ET,MIA,1.33
WR,Lynn Bowden Jr. (15905413),Lynn Bowden Jr.,15905413,WR/FLEX,3000,KC@MIA 12/13/2020 01:00PM ET,MIA,2.2
WR,Marcus Kemp (15905415),Marcus Kemp,15905415,WR/FLEX,3000,KC@MIA 12/13/2020 01:00PM ET,KC,0.52
WR,Byron Pringle (15905417),Byron Pringle,15905417,WR/FLEX,3000,KC@MIA 12/13/2020 01:00PM ET,KC,3.69
WR,Noah Brown (15905393),Noah Brown,15905393,WR/FLEX,3000,DAL@CIN 12/13/2020 01:00PM ET,DAL,2.51
WR,Malik Turner (15905395),Malik Turner,15905395,WR/FLEX,3000,DAL@CIN 12/13/2020 01:00PM ET,DAL,0
WR,A.J. Green (15905397),A.J. Green,15905397,WR/FLEX,3000,DAL@CIN 12/13/2020 01:00PM ET,CIN,6.39
WR,Mike Thomas (15905399),Mike Thomas,15905399,WR/FLEX,3000,DAL@CIN 12/13/2020 01:00PM ET,CIN,3.48
WR,Alex Erickson (15905401),Alex Erickson,15905401,WR/FLEX,3000,DAL@CIN 12/13/2020 01:00PM ET,CIN,0.58
WR,Stanley Morgan (15905403),Stanley Morgan,15905403,WR/FLEX,3000,DAL@CIN 12/13/2020 01:00PM ET,CIN,0
WR,Auden Tate (15905405),Auden Tate,15905405,WR/FLEX,3000,DAL@CIN 12/13/2020 01:00PM ET,CIN,3.62
WR,John Ross III (15905407),John Ross III,15905407,WR/FLEX,3000,DAL@CIN 12/13/2020 01:00PM ET,CIN,1.85
TE,Drew Sample (15905549),Drew Sample,15905549,TE/FLEX,3000,DAL@CIN 12/13/2020 01:00PM ET,CIN,5.18
WR,Freddie Swain (15905379),Freddie Swain,15905379,WR/FLEX,3000,NYJ@SEA 12/13/2020 04:05PM ET,SEA,3.27
WR,Penny Hart (15905381),Penny Hart,15905381,WR/FLEX,3000,NYJ@SEA 12/13/2020 04:05PM ET,SEA,0
WR,Josh Gordon (15905383),Josh Gordon,15905383,WR/FLEX,3000,NYJ@SEA 12/13/2020 04:05PM ET,SEA,0
WR,Phillip Dorsett II (15905385),Phillip Dorsett II,15905385,WR/FLEX,3000,NYJ@SEA 12/13/2020 04:05PM ET,SEA,0
WR,Braxton Berrios (15905387),Braxton Berrios,15905387,WR/FLEX,3000,NYJ@SEA 12/13/2020 04:05PM ET,NYJ,5.41
WR,Jeff Smith (15905389),Jeff Smith,15905389,WR/FLEX,3000,NYJ@SEA 12/13/2020 04:05PM ET,NYJ,4.47
WR,Vyncint Smith (15905391),Vyncint Smith,15905391,WR/FLEX,3000,NYJ@SEA 12/13/2020 04:05PM ET,NYJ,0.77
DST,Seahawks  (15905738),Seahawks ,15905738,DST,3000,NYJ@SEA 12/13/2020 04:05PM ET,SEA,5.83
WR,Bryan Edwards (15905363),Bryan Edwards,15905363,WR/FLEX,3000,IND@LV 12/13/2020 04:05PM ET,LV,3.01
WR,Zay Jones (15905365),Zay Jones,15905365,WR/FLEX,3000,IND@LV 12/13/2020 04:05PM ET,LV,3.6
WR,Tyrell Williams (15905367),Tyrell Williams,15905367,WR/FLEX,3000,IND@LV 12/13/2020 04:05PM ET,LV,0
WR,Marcus Johnson (15905369),Marcus Johnson,15905369,WR/FLEX,3000,IND@LV 12/13/2020 04:05PM ET,IND,6.07
WR,DeMichael Harris (15905371),DeMichael Harris,15905371,WR/FLEX,3000,IND@LV 12/13/2020 04:05PM ET,IND,3.75
WR,Ashton Dulin (15905373),Ashton Dulin,15905373,WR/FLEX,3000,IND@LV 12/13/2020 04:05PM ET,IND,1.08
WR,Dezmon Patmon (15905375),Dezmon Patmon,15905375,WR/FLEX,3000,IND@LV 12/13/2020 04:05PM ET,IND,0
WR,Parris Campbell (15905377),Parris Campbell,15905377,WR/FLEX,3000,IND@LV 12/13/2020 04:05PM ET,IND,7.35
WR,Isaiah Wright (15905343),Isaiah Wright,15905343,WR/FLEX,3000,WAS@SF 12/13/2020 04:25PM ET,WAS,5.24
WR,Robert Foster (15905345),Robert Foster,15905345,WR/FLEX,3000,WAS@SF 12/13/2020 04:25PM ET,WAS,0
WR,Jeff Badet (15905347),Jeff Badet,15905347,WR/FLEX,3000,WAS@SF 12/13/2020 04:25PM ET,WAS,0
WR,Antonio Gandy-Golden (15905349),Antonio Gandy-Golden,15905349,WR/FLEX,3000,WAS@SF 12/13/2020 04:25PM ET,WAS,0.88
WR,Kelvin Harmon (15905351),Kelvin Harmon,15905351,WR/FLEX,3000,WAS@SF 12/13/2020 04:25PM ET,WAS,0
WR,Emanuel Hall (15905353),Emanuel Hall,15905353,WR/FLEX,3000,WAS@SF 12/13/2020 04:25PM ET,WAS,0
WR,Trent Taylor (15905355),Trent Taylor,15905355,WR/FLEX,3000,WAS@SF 12/13/2020 04:25PM ET,SF,1.69
WR,River Cracraft (15905357),River Cracraft,15905357,WR/FLEX,3000,WAS@SF 12/13/2020 04:25PM ET,SF,1.65
WR,Jalen Hurd (15905359),Jalen Hurd,15905359,WR/FLEX,3000,WAS@SF 12/13/2020 04:25PM ET,SF,0
WR,Chris Thompson (15905361),Chris Thompson,15905361,WR/FLEX,3000,WAS@SF 12/13/2020 04:25PM ET,SF,0
WR,Alshon Jeffery (15905323),Alshon Jeffery,15905323,WR/FLEX,3000,NO@PHI 12/13/2020 04:25PM ET,PHI,0.88
WR,JJ Arcega-Whiteside (15905325),JJ Arcega-Whiteside,15905325,WR/FLEX,3000,NO@PHI 12/13/2020 04:25PM ET,PHI,2.9
WR,John Hightower (15905327),John Hightower,15905327,WR/FLEX,3000,NO@PHI 12/13/2020 04:25PM ET,PHI,3.19
WR,Quez Watkins (15905329),Quez Watkins,15905329,WR/FLEX,3000,NO@PHI 12/13/2020 04:25PM ET,PHI,0
WR,DeSean Jackson (15905331),DeSean Jackson,15905331,WR/FLEX,3000,NO@PHI 12/13/2020 04:25PM ET,PHI,7.42
WR,Deonte Harris (15905333),Deonte Harris,15905333,WR/FLEX,3000,NO@PHI 12/13/2020 04:25PM ET,NO,5.41
WR,Juwan Johnson (15905335),Juwan Johnson,15905335,WR/FLEX,3000,NO@PHI 12/13/2020 04:25PM ET,NO,1.5
WR,Tommylee Lewis (15905337),Tommylee Lewis,15905337,WR/FLEX,3000,NO@PHI 12/13/2020 04:25PM ET,NO,1.55
WR,Marquez Callaway (15905339),Marquez Callaway,15905339,WR/FLEX,3000,NO@PHI 12/13/2020 04:25PM ET,NO,4.09
WR,Bennie Fowler III (15905341),Bennie Fowler III,15905341,WR/FLEX,3000,NO@PHI 12/13/2020 04:25PM ET,NO,1.55
WR,Olamide Zaccheaus (15905307),Olamide Zaccheaus,15905307,WR/FLEX,3000,ATL@LAC 12/13/2020 04:25PM ET,ATL,5.64
WR,Tyron Johnson (15905311),Tyron Johnson,15905311,WR/FLEX,3000,ATL@LAC 12/13/2020 04:25PM ET,LAC,5.11
WR,K.J. Hill (15905313),K.J. Hill,15905313,WR/FLEX,3000,ATL@LAC 12/13/2020 04:25PM ET,LAC,0.56
WR,Joe Reed (15905315),Joe Reed,15905315,WR/FLEX,3000,ATL@LAC 12/13/2020 04:25PM ET,LAC,0.99
WR,Christian Blake (15905317),Christian Blake,15905317,WR/FLEX,3000,ATL@LAC 12/13/2020 04:25PM ET,ATL,3.28
WR,Brandon Powell (15905319),Brandon Powell,15905319,WR/FLEX,3000,ATL@LAC 12/13/2020 04:25PM ET,ATL,2.17
WR,Laquon Treadwell (15905321),Laquon Treadwell,15905321,WR/FLEX,3000,ATL@LAC 12/13/2020 04:25PM ET,ATL,0
TE,Jordan Akins (15905557),Jordan Akins,15905557,TE/FLEX,2900,HOU@CHI 12/13/2020 01:00PM ET,HOU,6.54
TE,Cole Kmet (15905561),Cole Kmet,15905561,TE/FLEX,2900,HOU@CHI 12/13/2020 01:00PM ET,CHI,3.46
DST,Panthers  (15905741),Panthers ,15905741,DST,2900,DEN@CAR 12/13/2020 01:00PM ET,CAR,5.83
TE,Kyle Rudolph (15905559),Kyle Rudolph,15905559,TE/FLEX,2900,MIN@TB 12/13/2020 01:00PM ET,MIN,5.53
DST,Buccaneers  (15905740),Buccaneers ,15905740,DST,2900,MIN@TB 12/13/2020 01:00PM ET,TB,7.5
TE,Will Dissly (15905555),Will Dissly,15905555,TE/FLEX,2900,NYJ@SEA 12/13/2020 04:05PM ET,SEA,3.92
DST,Dolphins  (15905743),Dolphins ,15905743,DST,2800,KC@MIA 12/13/2020 01:00PM ET,MIA,9.67
DST,WAS Football Team  (15905742),WAS Football Team ,15905742,DST,2800,WAS@SF 12/13/2020 04:25PM ET,WAS,6.83
TE,Jace Sternberger (15905563),Jace Sternberger,15905563,TE/FLEX,2700,GB@DET 12/13/2020 04:25PM ET,GB,3.27
DST,Cardinals  (15905744),Cardinals ,15905744,DST,2700,ARI@NYG 12/13/2020 01:00PM ET,ARI,5.58
DST,49ers  (15905745),49ers ,15905745,DST,2700,WAS@SF 12/13/2020 04:25PM ET,SF,5.92
TE,Richard Rodgers (15905565),Richard Rodgers,15905565,TE/FLEX,2700,NO@PHI 12/13/2020 04:25PM ET,PHI,8.81
DST,Texans  (15905747),Texans ,15905747,DST,2600,HOU@CHI 12/13/2020 01:00PM ET,HOU,4.08
DST,Giants  (15905746),Giants ,15905746,DST,2600,ARI@NYG 12/13/2020 01:00PM ET,NYG,7.42
TE,Blake Bell (15905569),Blake Bell,15905569,TE/FLEX,2600,DAL@CIN 12/13/2020 01:00PM ET,DAL,2.14
TE,Jeremy Sprinkle (15905567),Jeremy Sprinkle,15905567,TE/FLEX,2600,WAS@SF 12/13/2020 04:25PM ET,WAS,0.32
DST,Chargers  (15905748),Chargers ,15905748,DST,2600,ATL@LAC 12/13/2020 04:25PM ET,LAC,4.25
TE,Marcedes Lewis (15905721),Marcedes Lewis,15905721,TE/FLEX,2500,GB@DET 12/13/2020 04:25PM ET,GB,3.91
TE,Dominique Dafney (15905723),Dominique Dafney,15905723,TE/FLEX,2500,GB@DET 12/13/2020 04:25PM ET,GB,0
TE,Josiah Deguara (15905725),Josiah Deguara,15905725,TE/FLEX,2500,GB@DET 12/13/2020 04:25PM ET,GB,1.1
TE,John Lovett (15905727),John Lovett,15905727,TE/FLEX,2500,GB@DET 12/13/2020 04:25PM ET,GB,0.15
TE,Jesse James (15905729),Jesse James,15905729,TE/FLEX,2500,GB@DET 12/13/2020 04:25PM ET,DET,3.56
TE,Hunter Bryant (15905731),Hunter Bryant,15905731,TE/FLEX,2500,GB@DET 12/13/2020 04:25PM ET,DET,0
TE,James O'Shaughnessy (15905707),James O'Shaughnessy,15905707,TE/FLEX,2500,TEN@JAX 12/13/2020 01:00PM ET,JAX,3.94
TE,Eric Saubert (15905709),Eric Saubert,15905709,TE/FLEX,2500,TEN@JAX 12/13/2020 01:00PM ET,JAX,0.43
TE,Tyler Davis (15905711),Tyler Davis,15905711,TE/FLEX,2500,TEN@JAX 12/13/2020 01:00PM ET,JAX,0
TE,Ben Ellefson (15905713),Ben Ellefson,15905713,TE/FLEX,2500,TEN@JAX 12/13/2020 01:00PM ET,JAX,1.33
TE,Josh Oliver (15905715),Josh Oliver,15905715,TE/FLEX,2500,TEN@JAX 12/13/2020 01:00PM ET,JAX,0
TE,Geoff Swaim (15905717),Geoff Swaim,15905717,TE/FLEX,2500,TEN@JAX 12/13/2020 01:00PM ET,TEN,1.82
TE,MyCole Pruitt (15905719),MyCole Pruitt,15905719,TE/FLEX,2500,TEN@JAX 12/13/2020 01:00PM ET,TEN,6.48
TE,Demetrius Harris (15905693),Demetrius Harris,15905693,TE/FLEX,2500,HOU@CHI 12/13/2020 01:00PM ET,CHI,1.15
TE,J.P. Holtz (15905695),J.P. Holtz,15905695,TE/FLEX,2500,HOU@CHI 12/13/2020 01:00PM ET,CHI,0
TE,Darion Clark (15905697),Darion Clark,15905697,TE/FLEX,2500,HOU@CHI 12/13/2020 01:00PM ET,CHI,0
TE,Patrick Scales (15905699),Patrick Scales,15905699,TE/FLEX,2500,HOU@CHI 12/13/2020 01:00PM ET,CHI,0
TE,Pharaoh Brown (15905701),Pharaoh Brown,15905701,TE/FLEX,2500,HOU@CHI 12/13/2020 01:00PM ET,HOU,2.93
TE,Darren Fells (15905703),Darren Fells,15905703,TE/FLEX,2500,HOU@CHI 12/13/2020 01:00PM ET,HOU,6.45
TE,Kahale Warring (15905705),Kahale Warring,15905705,TE/FLEX,2500,HOU@CHI 12/13/2020 01:00PM ET,HOU,0
TE,Ian Thomas (15905675),Ian Thomas,15905675,TE/FLEX,2500,DEN@CAR 12/13/2020 01:00PM ET,CAR,2.87
TE,Chris Manhertz (15905677),Chris Manhertz,15905677,TE/FLEX,2500,DEN@CAR 12/13/2020 01:00PM ET,CAR,1.6
TE,Colin Thompson (15905679),Colin Thompson,15905679,TE/FLEX,2500,DEN@CAR 12/13/2020 01:00PM ET,CAR,3.85
TE,Nick Vannett (15905681),Nick Vannett,15905681,TE/FLEX,2500,DEN@CAR 12/13/2020 01:00PM ET,DEN,1.94
TE,Troy Fumagalli (15905683),Troy Fumagalli,15905683,TE/FLEX,2500,DEN@CAR 12/13/2020 01:00PM ET,DEN,0.8
TE,Albert Okwuegbunam (15905685),Albert Okwuegbunam,15905685,TE/FLEX,2500,DEN@CAR 12/13/2020 01:00PM ET,DEN,7.28
TE,Jake Butt (15905687),Jake Butt,15905687,TE/FLEX,2500,DEN@CAR 12/13/2020 01:00PM ET,DEN,0.62
TE,Austin Fort (15905689),Austin Fort,15905689,TE/FLEX,2500,DEN@CAR 12/13/2020 01:00PM ET,DEN,0
TE,Andrew Beck (15905691),Andrew Beck,15905691,TE/FLEX,2500,DEN@CAR 12/13/2020 01:00PM ET,DEN,0
DST,Broncos  (15905749),Broncos ,15905749,DST,2500,DEN@CAR 12/13/2020 01:00PM ET,DEN,4.67
TE,Tanner Hudson (15905663),Tanner Hudson,15905663,TE/FLEX,2500,MIN@TB 12/13/2020 01:00PM ET,TB,1.37
TE,Antony Auclair (15905665),Antony Auclair,15905665,TE/FLEX,2500,MIN@TB 12/13/2020 01:00PM ET,TB,0
TE,O.J. Howard (15905667),O.J. Howard,15905667,TE/FLEX,2500,MIN@TB 12/13/2020 01:00PM ET,TB,9.4
TE,Tyler Conklin (15905669),Tyler Conklin,15905669,TE/FLEX,2500,MIN@TB 12/13/2020 01:00PM ET,MIN,1.32
TE,Brandon Dillon (15905671),Brandon Dillon,15905671,TE/FLEX,2500,MIN@TB 12/13/2020 01:00PM ET,MIN,1.6
TE,Andrew DePaola (15905673),Andrew DePaola,15905673,TE/FLEX,2500,MIN@TB 12/13/2020 01:00PM ET,MIN,0
TE,Maxx Williams (15905653),Maxx Williams,15905653,TE/FLEX,2500,ARI@NYG 12/13/2020 01:00PM ET,ARI,3.82
TE,Seth DeValve (15905655),Seth DeValve,15905655,TE/FLEX,2500,ARI@NYG 12/13/2020 01:00PM ET,ARI,0
TE,Darrell Daniels (15905657),Darrell Daniels,15905657,TE/FLEX,2500,ARI@NYG 12/13/2020 01:00PM ET,ARI,2.9
TE,Kaden Smith (15905659),Kaden Smith,15905659,TE/FLEX,2500,ARI@NYG 12/13/2020 01:00PM ET,NYG,2.18
TE,Levine Toilolo (15905661),Levine Toilolo,15905661,TE/FLEX,2500,ARI@NYG 12/13/2020 01:00PM ET,NYG,1.04
TE,Durham Smythe (15905641),Durham Smythe,15905641,TE/FLEX,2500,KC@MIA 12/13/2020 01:00PM ET,MIA,4.22
TE,Adam Shaheen (15905643),Adam Shaheen,15905643,TE/FLEX,2500,KC@MIA 12/13/2020 01:00PM ET,MIA,3.71
TE,Nick Keizer (15905645),Nick Keizer,15905645,TE/FLEX,2500,KC@MIA 12/13/2020 01:00PM ET,KC,1.13
TE,Deon Yelder (15905647),Deon Yelder,15905647,TE/FLEX,2500,KC@MIA 12/13/2020 01:00PM ET,KC,1.4
TE,Ricky Seals-Jones (15905649),Ricky Seals-Jones,15905649,TE/FLEX,2500,KC@MIA 12/13/2020 01:00PM ET,KC,0
TE,James Winchester (15905651),James Winchester,15905651,TE/FLEX,2500,KC@MIA 12/13/2020 01:00PM ET,KC,0
TE,Sean McKeon (15905629),Sean McKeon,15905629,TE/FLEX,2500,DAL@CIN 12/13/2020 01:00PM ET,DAL,0
TE,Blake Jarwin (15905631),Blake Jarwin,15905631,TE/FLEX,2500,DAL@CIN 12/13/2020 01:00PM ET,DAL,2.2
TE,Cethan Carter (15905633),Cethan Carter,15905633,TE/FLEX,2500,DAL@CIN 12/13/2020 01:00PM ET,CIN,0.72
TE,Mason Schreck (15905635),Mason Schreck,15905635,TE/FLEX,2500,DAL@CIN 12/13/2020 01:00PM ET,CIN,0
TE,C.J. Uzomah (15905637),C.J. Uzomah,15905637,TE/FLEX,2500,DAL@CIN 12/13/2020 01:00PM ET,CIN,11.35
TE,Clark Harris (15905639),Clark Harris,15905639,TE/FLEX,2500,DAL@CIN 12/13/2020 01:00PM ET,CIN,0
TE,Colby Parkinson (15905613),Colby Parkinson,15905613,TE/FLEX,2500,NYJ@SEA 12/13/2020 04:05PM ET,SEA,0
TE,Greg Olsen (15905615),Greg Olsen,15905615,TE/FLEX,2500,NYJ@SEA 12/13/2020 04:05PM ET,SEA,5.14
TE,Tyler Ott (15905617),Tyler Ott,15905617,TE/FLEX,2500,NYJ@SEA 12/13/2020 04:05PM ET,SEA,0
TE,Chris Herndon (15905619),Chris Herndon,15905619,TE/FLEX,2500,NYJ@SEA 12/13/2020 04:05PM ET,NYJ,3.7
TE,Ryan Griffin (15905621),Ryan Griffin,15905621,TE/FLEX,2500,NYJ@SEA 12/13/2020 04:05PM ET,NYJ,1.96
TE,Daniel Brown (15905623),Daniel Brown,15905623,TE/FLEX,2500,NYJ@SEA 12/13/2020 04:05PM ET,NYJ,0
TE,Ross Travis (15905625),Ross Travis,15905625,TE/FLEX,2500,NYJ@SEA 12/13/2020 04:05PM ET,NYJ,0
TE,Trevon Wesco (15905627),Trevon Wesco,15905627,TE/FLEX,2500,NYJ@SEA 12/13/2020 04:05PM ET,NYJ,0.75
TE,Mo Alie-Cox (15905571),Mo Alie-Cox,15905571,TE/FLEX,2500,IND@LV 12/13/2020 04:05PM ET,IND,6.92
TE,Jason Witten (15905601),Jason Witten,15905601,TE/FLEX,2500,IND@LV 12/13/2020 04:05PM ET,LV,3.19
TE,Foster Moreau (15905603),Foster Moreau,15905603,TE/FLEX,2500,IND@LV 12/13/2020 04:05PM ET,LV,4.1
TE,Derek Carrier (15905605),Derek Carrier,15905605,TE/FLEX,2500,IND@LV 12/13/2020 04:05PM ET,LV,0.4
TE,Nick O'Leary (15905607),Nick O'Leary,15905607,TE/FLEX,2500,IND@LV 12/13/2020 04:05PM ET,LV,0
TE,Jack Doyle (15905609),Jack Doyle,15905609,TE/FLEX,2500,IND@LV 12/13/2020 04:05PM ET,IND,4.51
TE,Noah Togiai (15905611),Noah Togiai,15905611,TE/FLEX,2500,IND@LV 12/13/2020 04:05PM ET,IND,0
DST,Raiders  (15905750),Raiders ,15905750,DST,2500,IND@LV 12/13/2020 04:05PM ET,LV,3.25
TE,Temarrick Hemingway (15905593),Temarrick Hemingway,15905593,TE/FLEX,2500,WAS@SF 12/13/2020 04:25PM ET,WAS,0.67
TE,Thaddeus Moss (15905595),Thaddeus Moss,15905595,TE/FLEX,2500,WAS@SF 12/13/2020 04:25PM ET,WAS,0
TE,Ross Dwelley (15905597),Ross Dwelley,15905597,TE/FLEX,2500,WAS@SF 12/13/2020 04:25PM ET,SF,3.66
TE,Charlie Woerner (15905599),Charlie Woerner,15905599,TE/FLEX,2500,WAS@SF 12/13/2020 04:25PM ET,SF,1.77
TE,Joshua Perkins (15905583),Joshua Perkins,15905583,TE/FLEX,2500,NO@PHI 12/13/2020 04:25PM ET,PHI,0
TE,Adam Trautman (15905585),Adam Trautman,15905585,TE/FLEX,2500,NO@PHI 12/13/2020 04:25PM ET,NO,3.99
TE,Josh Hill (15905587),Josh Hill,15905587,TE/FLEX,2500,NO@PHI 12/13/2020 04:25PM ET,NO,2.19
TE,Garrett Griffin (15905589),Garrett Griffin,15905589,TE/FLEX,2500,NO@PHI 12/13/2020 04:25PM ET,NO,0
TE,Zach Wood (15905591),Zach Wood,15905591,TE/FLEX,2500,NO@PHI 12/13/2020 04:25PM ET,NO,0
TE,Donald Parham Jr. (15905573),Donald Parham Jr.,15905573,TE/FLEX,2500,ATL@LAC 12/13/2020 04:25PM ET,LAC,3.06
TE,Stephen Anderson (15905575),Stephen Anderson,15905575,TE/FLEX,2500,ATL@LAC 12/13/2020 04:25PM ET,LAC,0.32
TE,Virgil Green (15905577),Virgil Green,15905577,TE/FLEX,2500,ATL@LAC 12/13/2020 04:25PM ET,LAC,2.33
TE,Luke Stocker (15905579),Luke Stocker,15905579,TE/FLEX,2500,ATL@LAC 12/13/2020 04:25PM ET,ATL,0.56
TE,Jaeden Graham (15905581),Jaeden Graham,15905581,TE/FLEX,2500,ATL@LAC 12/13/2020 04:25PM ET,ATL,0.63
DST,Cowboys  (15905751),Cowboys ,15905751,DST,2400,DAL@CIN 12/13/2020 01:00PM ET,DAL,2.54
DST,Falcons  (15905752),Falcons ,15905752,DST,2400,ATL@LAC 12/13/2020 04:25PM ET,ATL,5.17
DST,Vikings  (15905753),Vikings ,15905753,DST,2300,MIN@TB 12/13/2020 01:00PM ET,MIN,4.83
DST,Bengals  (15905754),Bengals ,15905754,DST,2300,DAL@CIN 12/13/2020 01:00PM ET,CIN,2.92
DST,Jaguars  (15905756),Jaguars ,15905756,DST,2200,TEN@JAX 12/13/2020 01:00PM ET,JAX,4.42
DST,Eagles  (15905755),Eagles ,15905755,DST,2200,NO@PHI 12/13/2020 04:25PM ET,PHI,6.67
DST,Jets  (15905757),Jets ,15905757,DST,2100,NYJ@SEA 12/13/2020 04:05PM ET,NYJ,4.08
DST,Lions  (15905758),Lions ,15905758,DST,2000,GB@DET 12/13/2020 04:25PM ET,DET,2.83
